{"cameraMode":{"drawMode":0,"name":"Shaded","section":"Shading Mode"},"sceneLighting":false,"audioPlay":false,"sceneViewState":{"showFog":true,"showMaterialUpdate":false,"showSkybox":false,"showFlares":true,"showImageEffects":true,"showParticleSystems":true},"in2DMode":false,"pivot":{"x":-0.3116455078125,"y":-0.16870534420013429,"z":0.2544471025466919},"rotation":{"x":0.005429540760815144,"y":0.9939762353897095,"z":-0.09270719438791275,"w":0.05821407213807106},"size":0.40643277764320376,"orthographic":true}