{"cameraMode":{"drawMode":0,"name":"Shaded","section":"Shading Mode"},"sceneLighting":true,"audioPlay":false,"sceneViewState":{"showFog":true,"showMaterialUpdate":false,"showSkybox":true,"showFlares":true,"showImageEffects":true,"showParticleSystems":true},"in2DMode":false,"pivot":{"x":-0.15712033212184907,"y":2.014456272125244,"z":-0.1572697013616562},"rotation":{"x":-0.04878470301628113,"y":0.9227001070976257,"z":-0.36160174012184145,"w":-0.12448268383741379},"size":0.1427856832742691,"orthographic":true}